{
    "SUNPHARMA.NS": {
        "Entry": 1799.199951171875,
        "Targets": [
            1787.6,
            1775.99,
            1760.52
        ],
        "T_Idx": 2,
        "SL": 1799.199951171875,
        "Side": "SELL",
        "Rank": "\ud83d\udc8e ELITE"
    },
    "CIPLA.NS": {
        "Entry": 1401.0,
        "Targets": [
            1391.15,
            1381.31,
            1368.18
        ],
        "T_Idx": 2,
        "SL": 1401.0,
        "Side": "SELL",
        "Rank": "\ud83d\udc8e ELITE"
    },
    "PIDILITIND.NS": {
        "Entry": 1453.5,
        "Targets": [
            1445.09,
            1436.68,
            1425.46
        ],
        "T_Idx": 0,
        "SL": 1459.11,
        "Side": "SELL",
        "Rank": "\ud83d\udc8e ELITE"
    },
    "APLAPOLLO.NS": {
        "Entry": 1756.0,
        "Targets": [
            1742.68,
            1729.36,
            1711.61
        ],
        "T_Idx": 0,
        "SL": 1764.88,
        "Side": "SELL",
        "Rank": "\ud83d\udc8e ELITE",
        "Qty": 28
    }
}