{
    "SUNPHARMA.NS": {
        "Entry": 1799.199951171875,
        "Targets": [
            1787.6,
            1775.99,
            1760.52
        ],
        "T_Idx": 2,
        "SL": 1799.199951171875,
        "Side": "SELL",
        "Rank": "\ud83d\udc8e ELITE"
    },
    "INDUSINDBK.NS": {
        "Entry": 911.0999755859375,
        "Targets": [
            903.93,
            896.75,
            887.19
        ],
        "T_Idx": 2,
        "SL": 911.0999755859375,
        "Side": "SELL",
        "Rank": "\ud83d\udc8e ELITE",
        "Qty": 54
    },
    "ITC.NS": {
        "Entry": 283.3500061035156,
        "Targets": [
            284.86,
            286.37,
            288.39
        ],
        "T_Idx": 1,
        "SL": 283.3500061035156,
        "Side": "BUY",
        "Rank": "\ud83d\udc8e ELITE",
        "Qty": 176
    },
    "DALBHARAT.NS": {
        "Entry": 1654.699951171875,
        "Targets": [
            1647.22,
            1639.74,
            1629.77
        ],
        "T_Idx": 1,
        "SL": 1654.699951171875,
        "Side": "SELL",
        "Rank": "\ud83d\udc8e ELITE",
        "Qty": 30
    }
}