{
    "SUNPHARMA.NS": {
        "Entry": 1799.199951171875,
        "Targets": [
            1787.6,
            1775.99,
            1760.52
        ],
        "T_Idx": 2,
        "SL": 1799.199951171875,
        "Side": "SELL",
        "Rank": "\ud83d\udc8e ELITE"
    },
    "LICHSGFIN.NS": {
        "Entry": 548.6500244140625,
        "Targets": [
            553.68,
            558.7,
            565.4
        ],
        "T_Idx": 0,
        "SL": 545.3,
        "Side": "BUY",
        "Rank": "\ud83d\udc8e ELITE",
        "Qty": 91
    },
    "HAL.NS": {
        "Entry": 4270.2001953125,
        "Targets": [
            4289.42,
            4308.63,
            4334.25
        ],
        "T_Idx": 0,
        "SL": 4257.39,
        "Side": "BUY",
        "Rank": "\ud83d\udc8e ELITE",
        "Qty": 11
    },
    "ABBOTINDIA.NS": {
        "Entry": 26625.0,
        "Targets": [
            26855.36,
            27085.71,
            27392.86
        ],
        "T_Idx": 0,
        "SL": 26471.43,
        "Side": "BUY",
        "Rank": "\ud83d\udc8e ELITE",
        "Qty": 1
    },
    "INDUSINDBK.NS": {
        "Entry": 911.0999755859375,
        "Targets": [
            903.93,
            896.75,
            887.19
        ],
        "T_Idx": 0,
        "SL": 915.88,
        "Side": "SELL",
        "Rank": "\ud83d\udc8e ELITE",
        "Qty": 54
    },
    "ITC.NS": {
        "Entry": 283.3500061035156,
        "Targets": [
            284.86,
            286.37,
            288.39
        ],
        "T_Idx": 0,
        "SL": 282.34,
        "Side": "BUY",
        "Rank": "\ud83d\udc8e ELITE",
        "Qty": 176
    }
}