{
    "ADANIPOWER.NS": {
        "Entry": 249.39999389648438,
        "Targets": [
            251.26,
            253.11,
            255.59
        ],
        "T_Idx": 0,
        "SL": 248.16,
        "Side": "BUY",
        "Rank": "\ud83d\udc8e ELITE"
    },
    "DELHIVERY.NS": {
        "Entry": 459.75,
        "Targets": [
            457.68,
            455.61,
            452.85
        ],
        "T_Idx": 1,
        "SL": 459.75,
        "Side": "SELL",
        "Rank": "\ud83d\udc8e ELITE"
    },
    "ICICIGI.NS": {
        "Entry": 1849.0,
        "Targets": [
            1840.68,
            1832.36,
            1821.27
        ],
        "T_Idx": 0,
        "SL": 1854.55,
        "Side": "SELL",
        "Rank": "\ud83d\udc8e ELITE"
    },
    "COALINDIA.NS": {
        "Entry": 463.6000061035156,
        "Targets": [
            469.41,
            475.23,
            482.98
        ],
        "T_Idx": 1,
        "SL": 463.6000061035156,
        "Side": "BUY",
        "Rank": "\ud83d\udc8e ELITE"
    },
    "AMBUJACEM.NS": {
        "Entry": 455.45001220703125,
        "Targets": [
            452.19,
            448.94,
            444.59
        ],
        "T_Idx": 0,
        "SL": 457.62,
        "Side": "SELL",
        "Rank": "\ud83d\udc8e ELITE"
    },
    "BEL.NS": {
        "Entry": 414.3999938964844,
        "Targets": [
            411.98,
            409.57,
            406.35
        ],
        "T_Idx": 0,
        "SL": 416.01,
        "Side": "SELL",
        "Rank": "\ud83d\udc8e ELITE"
    },
    "CANBK.NS": {
        "Entry": 133.5800018310547,
        "Targets": [
            132.84,
            132.1,
            131.12
        ],
        "T_Idx": 0,
        "SL": 134.07,
        "Side": "SELL",
        "Rank": "\ud83d\udc8e ELITE"
    },
    "DALBHARAT.NS": {
        "Entry": 1782.800048828125,
        "Targets": [
            1772.03,
            1761.26,
            1746.91
        ],
        "T_Idx": 0,
        "SL": 1789.98,
        "Side": "SELL",
        "Rank": "\ud83d\udc8e ELITE"
    },
    "DLF.NS": {
        "Entry": 605.1500244140625,
        "Targets": [
            609.18,
            613.22,
            618.6
        ],
        "T_Idx": 0,
        "SL": 602.46,
        "Side": "BUY",
        "Rank": "\ud83d\udc8e ELITE"
    },
    "ESCORTS.NS": {
        "Entry": 2861.0,
        "Targets": [
            2846.46,
            2831.92,
            2812.54
        ],
        "T_Idx": 0,
        "SL": 2870.69,
        "Side": "SELL",
        "Rank": "\ud83d\udc8e ELITE"
    },
    "GMRAIRPORT.NS": {
        "Entry": 102.94000244140625,
        "Targets": [
            104.49,
            106.03,
            108.1
        ],
        "T_Idx": 0,
        "SL": 101.91,
        "Side": "BUY",
        "Rank": "\ud83d\udc8e ELITE"
    },
    "HCLTECH.NS": {
        "Entry": 1189.199951171875,
        "Targets": [
            1196.72,
            1204.24,
            1214.27
        ],
        "T_Idx": 0,
        "SL": 1184.19,
        "Side": "BUY",
        "Rank": "\ud83d\udc8e ELITE"
    },
    "IDFCFIRSTB.NS": {
        "Entry": 72.56999969482422,
        "Targets": [
            73.24,
            73.91,
            74.8
        ],
        "T_Idx": 0,
        "SL": 72.12,
        "Side": "BUY",
        "Rank": "\ud83d\udc8e ELITE"
    },
    "JSWSTEEL.NS": {
        "Entry": 1302.0,
        "Targets": [
            1295.3,
            1288.61,
            1279.68
        ],
        "T_Idx": 0,
        "SL": 1306.46,
        "Side": "SELL",
        "Rank": "\ud83d\udc8e ELITE"
    },
    "LTTS.NS": {
        "Entry": 3595.0,
        "Targets": [
            3623.8,
            3652.6,
            3691.0
        ],
        "T_Idx": 0,
        "SL": 3575.8,
        "Side": "BUY",
        "Rank": "\ud83d\udc8e ELITE"
    },
    "MCX.NS": {
        "Entry": 3017.800048828125,
        "Targets": [
            2974.94,
            2932.09,
            2874.94
        ],
        "T_Idx": 0,
        "SL": 3046.37,
        "Side": "SELL",
        "Rank": "\ud83d\udc8e ELITE"
    },
    "METROPOLIS.NS": {
        "Entry": 543.2000122070312,
        "Targets": [
            547.41,
            551.61,
            557.22
        ],
        "T_Idx": 0,
        "SL": 540.4,
        "Side": "BUY",
        "Rank": "\ud83d\udc8e ELITE"
    },
    "MUTHOOTFIN.NS": {
        "Entry": 3337.60009765625,
        "Targets": [
            3356.4,
            3375.21,
            3400.28
        ],
        "T_Idx": 0,
        "SL": 3325.06,
        "Side": "BUY",
        "Rank": "\ud83d\udc8e ELITE"
    },
    "NMDC.NS": {
        "Entry": 91.72000122070312,
        "Targets": [
            91.21,
            90.7,
            90.02
        ],
        "T_Idx": 0,
        "SL": 92.06,
        "Side": "SELL",
        "Rank": "\ud83d\udc8e ELITE"
    },
    "SIEMENS.NS": {
        "Entry": 3780.0,
        "Targets": [
            3728.49,
            3676.97,
            3608.29
        ],
        "T_Idx": 0,
        "SL": 3814.34,
        "Side": "SELL",
        "Rank": "\ud83d\udc8e ELITE"
    },
    "TRENT.NS": {
        "Entry": 4315.60009765625,
        "Targets": [
            4494.13,
            4672.66,
            4910.7
        ],
        "T_Idx": 0,
        "SL": 4196.58,
        "Side": "BUY",
        "Rank": "\ud83d\udc8e ELITE"
    }
}