{
    "SUNPHARMA.NS": {
        "Entry": 1799.199951171875,
        "Targets": [
            1787.6,
            1775.99,
            1760.52
        ],
        "T_Idx": 2,
        "SL": 1799.199951171875,
        "Side": "SELL",
        "Rank": "\ud83d\udc8e ELITE"
    },
    "GLENMARK.NS": {
        "Entry": 2213.0,
        "Targets": [
            2230.1,
            2247.2,
            2270.0
        ],
        "T_Idx": 0,
        "SL": 2201.6,
        "Side": "BUY",
        "Rank": "\ud83d\udc8e ELITE",
        "Qty": 22
    },
    "LICHSGFIN.NS": {
        "Entry": 548.6500244140625,
        "Targets": [
            553.68,
            558.7,
            565.4
        ],
        "T_Idx": 0,
        "SL": 545.3,
        "Side": "BUY",
        "Rank": "\ud83d\udc8e ELITE",
        "Qty": 91
    }
}