{
    "SUNPHARMA.NS": {
        "Entry": 1799.199951171875,
        "Targets": [
            1787.6,
            1775.99,
            1760.52
        ],
        "T_Idx": 2,
        "SL": 1799.199951171875,
        "Side": "SELL",
        "Rank": "\ud83d\udc8e ELITE"
    },
    "LICHSGFIN.NS": {
        "Entry": 548.6500244140625,
        "Targets": [
            553.68,
            558.7,
            565.4
        ],
        "T_Idx": 0,
        "SL": 545.3,
        "Side": "BUY",
        "Rank": "\ud83d\udc8e ELITE",
        "Qty": 91
    },
    "MANAPPURAM.NS": {
        "Entry": 304.0,
        "Targets": [
            305.9,
            307.8,
            310.34
        ],
        "T_Idx": 2,
        "SL": 304.0,
        "Side": "BUY",
        "Rank": "\ud83d\udc8e ELITE",
        "Qty": 164
    },
    "HAL.NS": {
        "Entry": 4270.2001953125,
        "Targets": [
            4289.42,
            4308.63,
            4334.25
        ],
        "T_Idx": 0,
        "SL": 4257.39,
        "Side": "BUY",
        "Rank": "\ud83d\udc8e ELITE",
        "Qty": 11
    }
}