{
    "AMBUJACEM.NS": {
        "Entry": 455.45001220703125,
        "Targets": [
            452.19,
            448.94,
            444.59
        ],
        "T_Idx": 2,
        "SL": 455.45001220703125,
        "Side": "SELL",
        "Rank": "\ud83d\udc8e ELITE"
    },
    "DALBHARAT.NS": {
        "Entry": 1782.800048828125,
        "Targets": [
            1772.03,
            1761.26,
            1746.91
        ],
        "T_Idx": 2,
        "SL": 1782.800048828125,
        "Side": "SELL",
        "Rank": "\ud83d\udc8e ELITE"
    },
    "ESCORTS.NS": {
        "Entry": 2861.0,
        "Targets": [
            2846.46,
            2831.92,
            2812.54
        ],
        "T_Idx": 2,
        "SL": 2861.0,
        "Side": "SELL",
        "Rank": "\ud83d\udc8e ELITE"
    },
    "JSWSTEEL.NS": {
        "Entry": 1302.0,
        "Targets": [
            1295.3,
            1288.61,
            1279.68
        ],
        "T_Idx": 2,
        "SL": 1302.0,
        "Side": "SELL",
        "Rank": "\ud83d\udc8e ELITE"
    },
    "MCX.NS": {
        "Entry": 3017.800048828125,
        "Targets": [
            2974.94,
            2932.09,
            2874.94
        ],
        "T_Idx": 2,
        "SL": 3017.800048828125,
        "Side": "SELL",
        "Rank": "\ud83d\udc8e ELITE"
    },
    "TRENT.NS": {
        "Entry": 4315.60009765625,
        "Targets": [
            4494.13,
            4672.66,
            4910.7
        ],
        "T_Idx": 0,
        "SL": 4196.58,
        "Side": "BUY",
        "Rank": "\ud83d\udc8e ELITE"
    },
    "^NSEBANK": {
        "Entry": 54578.3515625,
        "Targets": [
            54332.75,
            54087.15,
            53759.68
        ],
        "T_Idx": 1,
        "SL": 54578.3515625,
        "Side": "SELL",
        "Rank": "\ud83d\udc8e ELITE"
    },
    "APLAPOLLO.NS": {
        "Entry": 1836.300048828125,
        "Targets": [
            1826.08,
            1815.86,
            1802.23
        ],
        "T_Idx": 1,
        "SL": 1836.300048828125,
        "Side": "SELL",
        "Rank": "\ud83d\udc8e ELITE"
    },
    "CUMMINSIND.NS": {
        "Entry": 5929.0,
        "Targets": [
            5855.45,
            5781.89,
            5683.82
        ],
        "T_Idx": 1,
        "SL": 5929.0,
        "Side": "SELL",
        "Rank": "\ud83d\udd25 JACKPOT"
    },
    "IDFCFIRSTB.NS": {
        "Entry": 71.41999816894531,
        "Targets": [
            70.87,
            70.32,
            69.59
        ],
        "T_Idx": 1,
        "SL": 71.41999816894531,
        "Side": "SELL",
        "Rank": "\ud83d\udc8e ELITE"
    },
    "INDUSINDBK.NS": {
        "Entry": 918.4500122070312,
        "Targets": [
            913.19,
            907.93,
            900.91
        ],
        "T_Idx": 1,
        "SL": 918.4500122070312,
        "Side": "SELL",
        "Rank": "\ud83d\udc8e ELITE"
    },
    "UBL.NS": {
        "Entry": 1327.5999755859375,
        "Targets": [
            1321.63,
            1315.65,
            1307.69
        ],
        "T_Idx": 2,
        "SL": 1327.5999755859375,
        "Side": "SELL",
        "Rank": "\ud83d\udc8e ELITE"
    },
    "BRITANNIA.NS": {
        "Entry": 5267.0,
        "Targets": [
            5243.3,
            5219.6,
            5187.99
        ],
        "T_Idx": 2,
        "SL": 5267.0,
        "Side": "SELL",
        "Rank": "\ud83d\udc8e ELITE"
    },
    "KAYNES.NS": {
        "Entry": 3146.0,
        "Targets": [
            3127.31,
            3108.63,
            3083.71
        ],
        "T_Idx": 1,
        "SL": 3146.0,
        "Side": "SELL",
        "Rank": "\ud83d\udc8e ELITE"
    },
    "NAVINFLUOR.NS": {
        "Entry": 7198.0,
        "Targets": [
            7157.55,
            7117.11,
            7063.18
        ],
        "T_Idx": 2,
        "SL": 7198.0,
        "Side": "SELL",
        "Rank": "\ud83d\udc8e ELITE"
    },
    "COCHINSHIP.NS": {
        "Entry": 1466.5999755859375,
        "Targets": [
            1456.5,
            1446.39,
            1432.92
        ],
        "T_Idx": 1,
        "SL": 1466.5999755859375,
        "Side": "SELL",
        "Rank": "\ud83d\udc8e ELITE"
    },
    "COLPAL.NS": {
        "Entry": 2059.89990234375,
        "Targets": [
            2046.3,
            2032.71,
            2014.58
        ],
        "T_Idx": 1,
        "SL": 2059.89990234375,
        "Side": "SELL",
        "Rank": "\ud83d\udc8e ELITE"
    },
    "SUNPHARMA.NS": {
        "Entry": 1799.199951171875,
        "Targets": [
            1787.6,
            1775.99,
            1760.52
        ],
        "T_Idx": 0,
        "SL": 1806.94,
        "Side": "SELL",
        "Rank": "\ud83d\udc8e ELITE"
    },
    "TATACHEM.NS": {
        "Entry": 757.2999877929688,
        "Targets": [
            753.36,
            749.43,
            744.18
        ],
        "T_Idx": 0,
        "SL": 759.92,
        "Side": "SELL",
        "Rank": "\ud83d\udc8e ELITE"
    },
    "CIPLA.NS": {
        "Entry": 1401.0,
        "Targets": [
            1391.15,
            1381.31,
            1368.18
        ],
        "T_Idx": 0,
        "SL": 1407.56,
        "Side": "SELL",
        "Rank": "\ud83d\udc8e ELITE"
    },
    "ABB.NS": {
        "Entry": 7092.0,
        "Targets": [
            7014.86,
            6937.71,
            6834.86
        ],
        "T_Idx": 0,
        "SL": 7143.43,
        "Side": "SELL",
        "Rank": "\ud83d\udc8e ELITE"
    }
}