{
    "DALBHARAT.NS": {
        "Entry": 1782.800048828125,
        "Targets": [
            1772.03,
            1761.26,
            1746.91
        ],
        "T_Idx": 2,
        "SL": 1782.800048828125,
        "Side": "SELL",
        "Rank": "\ud83d\udc8e ELITE"
    },
    "JSWSTEEL.NS": {
        "Entry": 1302.0,
        "Targets": [
            1295.3,
            1288.61,
            1279.68
        ],
        "T_Idx": 2,
        "SL": 1302.0,
        "Side": "SELL",
        "Rank": "\ud83d\udc8e ELITE"
    },
    "MCX.NS": {
        "Entry": 3017.800048828125,
        "Targets": [
            2974.94,
            2932.09,
            2874.94
        ],
        "T_Idx": 2,
        "SL": 3017.800048828125,
        "Side": "SELL",
        "Rank": "\ud83d\udc8e ELITE"
    },
    "CUMMINSIND.NS": {
        "Entry": 5929.0,
        "Targets": [
            5855.45,
            5781.89,
            5683.82
        ],
        "T_Idx": 2,
        "SL": 5929.0,
        "Side": "SELL",
        "Rank": "\ud83d\udd25 JACKPOT"
    },
    "IDFCFIRSTB.NS": {
        "Entry": 71.41999816894531,
        "Targets": [
            70.87,
            70.32,
            69.59
        ],
        "T_Idx": 1,
        "SL": 71.41999816894531,
        "Side": "SELL",
        "Rank": "\ud83d\udc8e ELITE"
    },
    "INDUSINDBK.NS": {
        "Entry": 918.4500122070312,
        "Targets": [
            913.19,
            907.93,
            900.91
        ],
        "T_Idx": 2,
        "SL": 918.4500122070312,
        "Side": "SELL",
        "Rank": "\ud83d\udc8e ELITE"
    },
    "KAYNES.NS": {
        "Entry": 3146.0,
        "Targets": [
            3127.31,
            3108.63,
            3083.71
        ],
        "T_Idx": 2,
        "SL": 3146.0,
        "Side": "SELL",
        "Rank": "\ud83d\udc8e ELITE"
    },
    "SUNPHARMA.NS": {
        "Entry": 1799.199951171875,
        "Targets": [
            1787.6,
            1775.99,
            1760.52
        ],
        "T_Idx": 0,
        "SL": 1806.94,
        "Side": "SELL",
        "Rank": "\ud83d\udc8e ELITE"
    },
    "TATACHEM.NS": {
        "Entry": 757.2999877929688,
        "Targets": [
            753.36,
            749.43,
            744.18
        ],
        "T_Idx": 2,
        "SL": 757.2999877929688,
        "Side": "SELL",
        "Rank": "\ud83d\udc8e ELITE"
    },
    "CIPLA.NS": {
        "Entry": 1401.0,
        "Targets": [
            1391.15,
            1381.31,
            1368.18
        ],
        "T_Idx": 0,
        "SL": 1407.56,
        "Side": "SELL",
        "Rank": "\ud83d\udc8e ELITE"
    },
    "ABB.NS": {
        "Entry": 7092.0,
        "Targets": [
            7014.86,
            6937.71,
            6834.86
        ],
        "T_Idx": 0,
        "SL": 7143.43,
        "Side": "SELL",
        "Rank": "\ud83d\udc8e ELITE"
    },
    "PIDILITIND.NS": {
        "Entry": 1453.5,
        "Targets": [
            1445.09,
            1436.68,
            1425.46
        ],
        "T_Idx": 0,
        "SL": 1459.11,
        "Side": "SELL",
        "Rank": "\ud83d\udc8e ELITE"
    }
}