{
    "SUNPHARMA.NS": {
        "Entry": 1799.199951171875,
        "Targets": [
            1787.6,
            1775.99,
            1760.52
        ],
        "T_Idx": 2,
        "SL": 1799.199951171875,
        "Side": "SELL",
        "Rank": "\ud83d\udc8e ELITE"
    },
    "DALBHARAT.NS": {
        "Entry": 1654.699951171875,
        "Targets": [
            1647.22,
            1639.74,
            1629.77
        ],
        "T_Idx": 2,
        "SL": 1654.699951171875,
        "Side": "SELL",
        "Rank": "\ud83d\udc8e ELITE",
        "Qty": 30
    },
    "CANBK.NS": {
        "Entry": 133.35000610351562,
        "Targets": [
            132.5,
            131.65,
            130.52
        ],
        "T_Idx": 0,
        "SL": 133.92,
        "Side": "SELL",
        "Rank": "\ud83d\udc8e ELITE",
        "Qty": 374
    },
    "SAIL.NS": {
        "Entry": 181.72000122070312,
        "Targets": [
            180.72,
            179.72,
            178.39
        ],
        "T_Idx": 0,
        "SL": 182.39,
        "Side": "SELL",
        "Rank": "\ud83d\udc8e ELITE",
        "Qty": 275
    }
}