{
    "SUNPHARMA.NS": {
        "Entry": 1799.199951171875,
        "Targets": [
            1787.6,
            1775.99,
            1760.52
        ],
        "T_Idx": 2,
        "SL": 1799.199951171875,
        "Side": "SELL",
        "Rank": "\ud83d\udc8e ELITE"
    },
    "CANFINHOME.NS": {
        "Entry": 809.0,
        "Targets": [
            804.79,
            800.59,
            794.98
        ],
        "T_Idx": 0,
        "SL": 811.8,
        "Side": "SELL",
        "Rank": "\ud83d\udc8e ELITE",
        "Qty": 61
    }
}