{
    "SUNPHARMA.NS": {
        "Entry": 1799.199951171875,
        "Targets": [
            1787.6,
            1775.99,
            1760.52
        ],
        "T_Idx": 2,
        "SL": 1799.199951171875,
        "Side": "SELL",
        "Rank": "\ud83d\udc8e ELITE"
    },
    "CIPLA.NS": {
        "Entry": 1401.0,
        "Targets": [
            1391.15,
            1381.31,
            1368.18
        ],
        "T_Idx": 2,
        "SL": 1401.0,
        "Side": "SELL",
        "Rank": "\ud83d\udc8e ELITE"
    },
    "ONGC.NS": {
        "Entry": 267.1499938964844,
        "Targets": [
            268.89,
            270.63,
            272.95
        ],
        "T_Idx": 0,
        "SL": 265.99,
        "Side": "BUY",
        "Rank": "\ud83d\udc8e ELITE",
        "Qty": 187
    },
    "JSL.NS": {
        "Entry": 692.1500244140625,
        "Targets": [
            698.94,
            705.73,
            714.78
        ],
        "T_Idx": 1,
        "SL": 692.1500244140625,
        "Side": "BUY",
        "Rank": "\ud83d\udc8e ELITE",
        "Qty": 72
    },
    "CONCOR.NS": {
        "Entry": 454.54998779296875,
        "Targets": [
            456.63,
            458.71,
            461.48
        ],
        "T_Idx": 0,
        "SL": 453.16,
        "Side": "BUY",
        "Rank": "\ud83d\udc8e ELITE",
        "Qty": 109
    }
}