{
    "MCX.NS": {
        "Entry": 3017.800048828125,
        "Targets": [
            2974.94,
            2932.09,
            2874.94
        ],
        "T_Idx": 2,
        "SL": 3017.800048828125,
        "Side": "SELL",
        "Rank": "\ud83d\udc8e ELITE"
    },
    "INDUSINDBK.NS": {
        "Entry": 918.4500122070312,
        "Targets": [
            913.19,
            907.93,
            900.91
        ],
        "T_Idx": 2,
        "SL": 918.4500122070312,
        "Side": "SELL",
        "Rank": "\ud83d\udc8e ELITE"
    },
    "SUNPHARMA.NS": {
        "Entry": 1799.199951171875,
        "Targets": [
            1787.6,
            1775.99,
            1760.52
        ],
        "T_Idx": 1,
        "SL": 1799.199951171875,
        "Side": "SELL",
        "Rank": "\ud83d\udc8e ELITE"
    },
    "CIPLA.NS": {
        "Entry": 1401.0,
        "Targets": [
            1391.15,
            1381.31,
            1368.18
        ],
        "T_Idx": 1,
        "SL": 1401.0,
        "Side": "SELL",
        "Rank": "\ud83d\udc8e ELITE"
    },
    "PIDILITIND.NS": {
        "Entry": 1453.5,
        "Targets": [
            1445.09,
            1436.68,
            1425.46
        ],
        "T_Idx": 0,
        "SL": 1459.11,
        "Side": "SELL",
        "Rank": "\ud83d\udc8e ELITE"
    }
}